Question	Clear marks	Obtain marks	Time	Test_result
100	50	50	60	PASS
100	50	51	60	PASS
100	50	52	60	PASS
100	50	53	60	PASS
100	50	54	60	PASS
100	50	55	60	PASS
100	50	56	60	PASS
100	50	57	60	PASS
100	50	58	60	PASS
100	50	59	60	PASS
100	50	60	60	PASS
100	50	61	60	PASS
100	50	62	60	PASS
100	50	63	60	PASS
100	50	64	60	PASS
100	50	65	60	PASS
100	50	66	60	PASS
100	50	67	60	PASS
100	50	68	60	PASS
100	50	69	60	PASS
100	50	70	60	Average
100	50	71	60	Average
100	50	72	60	Average
100	50	73	60	Average
100	50	74	60	Average
100	50	75	60	Average
100	50	76	60	Average
100	50	77	60	Average
100	50	78	60	Average
100	50	79	60	Average
100	50	80	60	Good
100	50	81	60	Good
100	50	82	60	Good
100	50	83	60	Good
100	50	84	60	Good
100	50	85	60	Good
100	50	86	60	Good
100	50	87	60	Good
100	50	88	60	Good
100	50	89	60	Good
100	50	90	60	Good
100	50	91	60	Good
100	50	92	60	Good
100	50	93	60	Good
100	50	94	60	Good
100	50	95	60	Good
100	50	96	60	Good
100	50	97	60	Good
100	50	98	60	Good
100	50	99	60	Good
100	50	100	60	Good
100	50	50	59	PASS
100	50	51	59	PASS
100	50	52	59	PASS
100	50	53	59	PASS
100	50	54	59	PASS
100	50	55	59	PASS
100	50	56	59	PASS
100	50	57	59	PASS
100	50	58	59	PASS
100	50	59	59	PASS
100	50	60	59	PASS
100	50	61	59	PASS
100	50	62	59	PASS
100	50	63	59	PASS
100	50	64	59	PASS
100	50	65	59	PASS
100	50	66	59	PASS
100	50	67	59	PASS
100	50	68	59	PASS
100	50	69	59	PASS
100	50	70	59	Average
100	50	71	59	Average
100	50	72	59	Average
100	50	73	59	Average
100	50	74	59	Average
100	50	75	59	Average
100	50	76	59	Average
100	50	77	59	Average
100	50	78	59	Average
100	50	79	59	Average
100	50	80	59	Good
100	50	81	59	Good
100	50	82	59	Good
100	50	83	59	Good
100	50	84	59	Good
100	50	85	59	Good
100	50	86	59	Good
100	50	87	59	Good
100	50	88	59	Good
100	50	89	59	Good
100	50	90	59	Good
100	50	91	59	Good
100	50	92	59	Good
100	50	93	59	Good
100	50	94	59	Good
100	50	95	59	Good
100	50	96	59	Good
100	50	97	59	Good
100	50	98	59	Good
100	50	99	59	Good
100	50	100	59	Good
100	50	50	58	PASS
100	50	51	58	PASS
100	50	52	58	PASS
100	50	53	58	PASS
100	50	54	58	PASS
100	50	55	58	PASS
100	50	56	58	PASS
100	50	57	58	PASS
100	50	58	58	PASS
100	50	59	58	PASS
100	50	60	58	PASS
100	50	61	58	PASS
100	50	62	58	PASS
100	50	63	58	PASS
100	50	64	58	PASS
100	50	65	58	PASS
100	50	66	58	PASS
100	50	67	58	PASS
100	50	68	58	PASS
100	50	69	58	PASS
100	50	70	58	Average
100	50	71	58	Average
100	50	72	58	Average
100	50	73	58	Average
100	50	74	58	Average
100	50	75	58	Average
100	50	76	58	Average
100	50	77	58	Average
100	50	78	58	Average
100	50	79	58	Average
100	50	80	58	Good
100	50	81	58	Good
100	50	82	58	Good
100	50	83	58	Good
100	50	84	58	Good
100	50	85	58	Good
100	50	86	58	Good
100	50	87	58	Good
100	50	88	58	Good
100	50	89	58	Good
100	50	90	58	Good
100	50	91	58	Good
100	50	92	58	Good
100	50	93	58	Good
100	50	94	58	Good
100	50	95	58	Good
100	50	96	58	Good
100	50	97	58	Good
100	50	98	58	Good
100	50	99	58	Good
100	50	100	58	Good
100	50	50	57	PASS
100	50	51	57	PASS
100	50	52	57	PASS
100	50	53	57	PASS
100	50	54	57	PASS
100	50	55	57	PASS
100	50	56	57	PASS
100	50	57	57	PASS
100	50	58	57	PASS
100	50	59	57	PASS
100	50	60	57	PASS
100	50	61	57	PASS
100	50	62	57	PASS
100	50	63	57	PASS
100	50	64	57	PASS
100	50	65	57	PASS
100	50	66	57	PASS
100	50	67	57	PASS
100	50	68	57	PASS
100	50	69	57	PASS
100	50	70	57	Average
100	50	71	57	Average
100	50	72	57	Average
100	50	73	57	Average
100	50	74	57	Average
100	50	75	57	Average
100	50	76	57	Average
100	50	77	57	Average
100	50	78	57	Average
100	50	79	57	Average
100	50	80	57	Good
100	50	81	57	Good
100	50	82	57	Good
100	50	83	57	Good
100	50	84	57	Good
100	50	85	57	Good
100	50	86	57	Good
100	50	87	57	Good
100	50	88	57	Good
100	50	89	57	Good
100	50	90	57	Good
100	50	91	57	Good
100	50	92	57	Good
100	50	93	57	Good
100	50	94	57	Good
100	50	95	57	Good
100	50	96	57	Good
100	50	97	57	Good
100	50	98	57	Good
100	50	99	57	Good
100	50	100	57	Good
100	50	50	56	PASS
100	50	51	56	PASS
100	50	52	56	PASS
100	50	53	56	PASS
100	50	54	56	PASS
100	50	55	56	PASS
100	50	56	56	PASS
100	50	57	56	PASS
100	50	58	56	PASS
100	50	59	56	PASS
100	50	60	56	PASS
100	50	61	56	PASS
100	50	62	56	PASS
100	50	63	56	PASS
100	50	64	56	PASS
100	50	65	56	PASS
100	50	66	56	PASS
100	50	67	56	PASS
100	50	68	56	PASS
100	50	69	56	PASS
100	50	70	56	Average
100	50	71	56	Average
100	50	72	56	Average
100	50	73	56	Average
100	50	74	56	Average
100	50	75	56	Average
100	50	76	56	Average
100	50	77	56	Average
100	50	78	56	Average
100	50	79	56	Average
100	50	80	56	Good
100	50	81	56	Good
100	50	82	56	Good
100	50	83	56	Good
100	50	84	56	Good
100	50	85	56	Good
100	50	86	56	Good
100	50	87	56	Good
100	50	88	56	Good
100	50	89	56	Good
100	50	90	56	Good
100	50	91	56	Good
100	50	92	56	Good
100	50	93	56	Good
100	50	94	56	Good
100	50	95	56	Good
100	50	96	56	Good
100	50	97	56	Good
100	50	98	56	Good
100	50	99	56	Good
100	50	100	56	Good
100	50	50	55	PASS
100	50	51	55	PASS
100	50	52	55	PASS
100	50	53	55	PASS
100	50	54	55	PASS
100	50	55	55	PASS
100	50	56	55	PASS
100	50	57	55	PASS
100	50	58	55	PASS
100	50	59	55	PASS
100	50	60	55	PASS
100	50	61	55	PASS
100	50	62	55	PASS
100	50	63	55	PASS
100	50	64	55	PASS
100	50	65	55	PASS
100	50	66	55	PASS
100	50	67	55	PASS
100	50	68	55	PASS
100	50	69	55	PASS
100	50	70	55	Average
100	50	71	55	Average
100	50	72	55	Average
100	50	73	55	Average
100	50	74	55	Average
100	50	75	55	Average
100	50	76	55	Average
100	50	77	55	Average
100	50	78	55	Average
100	50	79	55	Average
100	50	80	55	Good
100	50	81	55	Good
100	50	82	55	Good
100	50	83	55	Good
100	50	84	55	Good
100	50	85	55	Good
100	50	86	55	Good
100	50	87	55	Good
100	50	88	55	Good
100	50	89	55	Good
100	50	90	55	Good
100	50	91	55	Good
100	50	92	55	Good
100	50	93	55	Good
100	50	94	55	Good
100	50	95	55	Good
100	50	96	55	Good
100	50	97	55	Good
100	50	98	55	Good
100	50	99	55	Good
100	50	100	55	Good
100	50	50	54	PASS
100	50	51	54	PASS
100	50	52	54	PASS
100	50	53	54	PASS
100	50	54	54	PASS
100	50	55	54	PASS
100	50	56	54	PASS
100	50	57	54	PASS
100	50	58	54	PASS
100	50	59	54	PASS
100	50	60	54	PASS
100	50	61	54	PASS
100	50	62	54	PASS
100	50	63	54	PASS
100	50	64	54	PASS
100	50	65	54	PASS
100	50	66	54	PASS
100	50	67	54	PASS
100	50	68	54	PASS
100	50	69	54	PASS
100	50	70	54	Average
100	50	71	54	Average
100	50	72	54	Average
100	50	73	54	Average
100	50	74	54	Average
100	50	75	54	Average
100	50	76	54	Average
100	50	77	54	Average
100	50	78	54	Average
100	50	79	54	Average
100	50	80	54	Good
100	50	81	54	Good
100	50	82	54	Good
100	50	83	54	Good
100	50	84	54	Good
100	50	85	54	Good
100	50	86	54	Good
100	50	87	54	Good
100	50	88	54	Good
100	50	89	54	Good
100	50	90	54	Good
100	50	91	54	Good
100	50	92	54	Good
100	50	93	54	Good
100	50	94	54	Good
100	50	95	54	Good
100	50	96	54	Good
100	50	97	54	Good
100	50	98	54	Good
100	50	99	54	Good
100	50	100	54	Good
100	50	50	53	PASS
100	50	51	53	PASS
100	50	52	53	PASS
100	50	53	53	PASS
100	50	54	53	PASS
100	50	55	53	PASS
100	50	56	53	PASS
100	50	57	53	PASS
100	50	58	53	PASS
100	50	59	53	PASS
100	50	60	53	PASS
100	50	61	53	PASS
100	50	62	53	PASS
100	50	63	53	PASS
100	50	64	53	PASS
100	50	65	53	PASS
100	50	66	53	PASS
100	50	67	53	PASS
100	50	68	53	PASS
100	50	69	53	PASS
100	50	70	53	Average
100	50	71	53	Average
100	50	72	53	Average
100	50	73	53	Average
100	50	74	53	Average
100	50	75	53	Average
100	50	76	53	Average
100	50	77	53	Average
100	50	78	53	Average
100	50	79	53	Average
100	50	80	53	Good
100	50	81	53	Good
100	50	82	53	Good
100	50	83	53	Good
100	50	84	53	Good
100	50	85	53	Good
100	50	86	53	Good
100	50	87	53	Good
100	50	88	53	Good
100	50	89	53	Good
100	50	90	53	Good
100	50	91	53	Good
100	50	92	53	Good
100	50	93	53	Good
100	50	94	53	Good
100	50	95	53	Good
100	50	96	53	Good
100	50	97	53	Good
100	50	98	53	Good
100	50	99	53	Good
100	50	100	53	Good
100	50	50	52	PASS
100	50	51	52	PASS
100	50	52	52	PASS
100	50	53	52	PASS
100	50	54	52	PASS
100	50	55	52	PASS
100	50	56	52	PASS
100	50	57	52	PASS
100	50	58	52	PASS
100	50	59	52	PASS
100	50	60	52	PASS
100	50	61	52	PASS
100	50	62	52	PASS
100	50	63	52	PASS
100	50	64	52	PASS
100	50	65	52	PASS
100	50	66	52	PASS
100	50	67	52	PASS
100	50	68	52	PASS
100	50	69	52	PASS
100	50	70	52	Average
100	50	71	52	Average
100	50	72	52	Average
100	50	73	52	Average
100	50	74	52	Average
100	50	75	52	Average
100	50	76	52	Average
100	50	77	52	Average
100	50	78	52	Average
100	50	79	52	Average
100	50	80	52	Good
100	50	81	52	Good
100	50	82	52	Good
100	50	83	52	Good
100	50	84	52	Good
100	50	85	52	Good
100	50	86	52	Good
100	50	87	52	Good
100	50	88	52	Good
100	50	89	52	Good
100	50	90	52	Good
100	50	91	52	Good
100	50	92	52	Good
100	50	93	52	Good
100	50	94	52	Good
100	50	95	52	Good
100	50	96	52	Good
100	50	97	52	Good
100	50	98	52	Good
100	50	99	52	Good
100	50	100	52	Good
100	50	50	51	PASS
100	50	51	51	PASS
100	50	52	51	PASS
100	50	53	51	PASS
100	50	54	51	PASS
100	50	55	51	PASS
100	50	56	51	PASS
100	50	57	51	PASS
100	50	58	51	PASS
100	50	59	51	PASS
100	50	60	51	PASS
100	50	61	51	PASS
100	50	62	51	PASS
100	50	63	51	PASS
100	50	64	51	PASS
100	50	65	51	PASS
100	50	66	51	PASS
100	50	67	51	PASS
100	50	68	51	PASS
100	50	69	51	PASS
100	50	70	51	Average
100	50	71	51	Average
100	50	72	51	Average
100	50	73	51	Average
100	50	74	51	Average
100	50	75	51	Average
100	50	76	51	Average
100	50	77	51	Average
100	50	78	51	Average
100	50	79	51	Average
100	50	80	51	Good
100	50	81	51	Good
100	50	82	51	Good
100	50	83	51	Good
100	50	84	51	Good
100	50	85	51	Good
100	50	86	51	Good
100	50	87	51	Good
100	50	88	51	Good
100	50	89	51	Good
100	50	90	51	Good
100	50	91	51	Good
100	50	92	51	Good
100	50	93	51	Good
100	50	94	51	Good
100	50	95	51	Good
100	50	96	51	Good
100	50	97	51	Good
100	50	98	51	Good
100	50	99	51	Good
100	50	100	51	Good
100	50	50	50	PASS
100	50	51	50	PASS
100	50	52	50	PASS
100	50	53	50	PASS
100	50	54	50	PASS
100	50	55	50	PASS
100	50	56	50	PASS
100	50	57	50	PASS
100	50	58	50	PASS
100	50	59	50	PASS
100	50	60	50	PASS
100	50	61	50	PASS
100	50	62	50	PASS
100	50	63	50	PASS
100	50	64	50	PASS
100	50	65	50	PASS
100	50	66	50	PASS
100	50	67	50	PASS
100	50	68	50	PASS
100	50	69	50	PASS
100	50	70	50	Average
100	50	71	50	Average
100	50	72	50	Average
100	50	73	50	Average
100	50	74	50	Average
100	50	75	50	Average
100	50	76	50	Average
100	50	77	50	Average
100	50	78	50	Average
100	50	79	50	Average
100	50	80	50	Good
100	50	81	50	Good
100	50	82	50	Good
100	50	83	50	Good
100	50	84	50	Good
100	50	85	50	Good
100	50	86	50	Good
100	50	87	50	Good
100	50	88	50	Good
100	50	89	50	Good
100	50	90	50	Good
100	50	91	50	Good
100	50	92	50	Good
100	50	93	50	Good
100	50	94	50	Good
100	50	95	50	Good
100	50	96	50	Good
100	50	97	50	Good
100	50	98	50	Good
100	50	99	50	Good
100	50	100	50	Good
100	50	50	49	PASS
100	50	51	49	PASS
100	50	52	49	PASS
100	50	53	49	PASS
100	50	54	49	PASS
100	50	55	49	PASS
100	50	56	49	PASS
100	50	57	49	PASS
100	50	58	49	PASS
100	50	59	49	PASS
100	50	60	49	PASS
100	50	61	49	PASS
100	50	62	49	PASS
100	50	63	49	PASS
100	50	64	49	PASS
100	50	65	49	PASS
100	50	66	49	PASS
100	50	67	49	PASS
100	50	68	49	PASS
100	50	69	49	PASS
100	50	70	49	Average
100	50	71	49	Average
100	50	72	49	Average
100	50	73	49	Average
100	50	74	49	Average
100	50	75	49	Average
100	50	76	49	Average
100	50	77	49	Average
100	50	78	49	Average
100	50	79	49	Average
100	50	80	49	Good
100	50	81	49	Good
100	50	82	49	Good
100	50	83	49	Good
100	50	84	49	Good
100	50	85	49	Good
100	50	86	49	Good
100	50	87	49	Good
100	50	88	49	Good
100	50	89	49	Good
100	50	90	49	Good
100	50	91	49	Good
100	50	92	49	Good
100	50	93	49	Good
100	50	94	49	Good
100	50	95	49	Good
100	50	96	49	Good
100	50	97	49	Good
100	50	98	49	Good
100	50	99	49	Good
100	50	100	49	Good
100	50	50	48	PASS
100	50	51	48	PASS
100	50	52	48	PASS
100	50	53	48	PASS
100	50	54	48	PASS
100	50	55	48	PASS
100	50	56	48	PASS
100	50	57	48	PASS
100	50	58	48	PASS
100	50	59	48	PASS
100	50	60	48	PASS
100	50	61	48	PASS
100	50	62	48	PASS
100	50	63	48	PASS
100	50	64	48	PASS
100	50	65	48	PASS
100	50	66	48	PASS
100	50	67	48	PASS
100	50	68	48	PASS
100	50	69	48	PASS
100	50	70	48	Average
100	50	71	48	Average
100	50	72	48	Average
100	50	73	48	Average
100	50	74	48	Average
100	50	75	48	Average
100	50	76	48	Average
100	50	77	48	Average
100	50	78	48	Average
100	50	79	48	Average
100	50	80	48	Good
100	50	81	48	Good
100	50	82	48	Good
100	50	83	48	Good
100	50	84	48	Good
100	50	85	48	Good
100	50	86	48	Good
100	50	87	48	Good
100	50	88	48	Good
100	50	89	48	Good
100	50	90	48	Good
100	50	91	48	Good
100	50	92	48	Good
100	50	93	48	Good
100	50	94	48	Good
100	50	95	48	Good
100	50	96	48	Good
100	50	97	48	Good
100	50	98	48	Good
100	50	99	48	Good
100	50	100	48	Good
100	50	50	47	PASS
100	50	51	47	PASS
100	50	52	47	PASS
100	50	53	47	PASS
100	50	54	47	PASS
100	50	55	47	PASS
100	50	56	47	PASS
100	50	57	47	PASS
100	50	58	47	PASS
100	50	59	47	PASS
100	50	60	47	PASS
100	50	61	47	PASS
100	50	62	47	PASS
100	50	63	47	PASS
100	50	64	47	PASS
100	50	65	47	PASS
100	50	66	47	PASS
100	50	67	47	PASS
100	50	68	47	PASS
100	50	69	47	PASS
100	50	70	47	Average
100	50	71	47	Average
100	50	72	47	Average
100	50	73	47	Average
100	50	74	47	Average
100	50	75	47	Average
100	50	76	47	Average
100	50	77	47	Average
100	50	78	47	Average
100	50	79	47	Average
100	50	80	47	Good
100	50	81	47	Good
100	50	82	47	Good
100	50	83	47	Good
100	50	84	47	Good
100	50	85	47	Good
100	50	86	47	Good
100	50	87	47	Good
100	50	88	47	Good
100	50	89	47	Good
100	50	90	47	Good
100	50	91	47	Good
100	50	92	47	Good
100	50	93	47	Good
100	50	94	47	Good
100	50	95	47	Good
100	50	96	47	Good
100	50	97	47	Good
100	50	98	47	Good
100	50	99	47	Good
100	50	100	47	Good
100	50	50	46	PASS
100	50	51	46	PASS
100	50	52	46	PASS
100	50	53	46	PASS
100	50	54	46	PASS
100	50	55	46	PASS
100	50	56	46	PASS
100	50	57	46	PASS
100	50	58	46	PASS
100	50	59	46	PASS
100	50	60	46	PASS
100	50	61	46	PASS
100	50	62	46	PASS
100	50	63	46	PASS
100	50	64	46	PASS
100	50	65	46	PASS
100	50	66	46	PASS
100	50	67	46	PASS
100	50	68	46	PASS
100	50	69	46	PASS
100	50	70	46	Average
100	50	71	46	Average
100	50	72	46	Average
100	50	73	46	Average
100	50	74	46	Average
100	50	75	46	Average
100	50	76	46	Average
100	50	77	46	Average
100	50	78	46	Average
100	50	79	46	Average
100	50	80	46	Good
100	50	81	46	Good
100	50	82	46	Good
100	50	83	46	Good
100	50	84	46	Good
100	50	85	46	Good
100	50	86	46	Good
100	50	87	46	Good
100	50	88	46	Good
100	50	89	46	Good
100	50	90	46	Good
100	50	91	46	Good
100	50	92	46	Good
100	50	93	46	Good
100	50	94	46	Good
100	50	95	46	Good
100	50	96	46	Good
100	50	97	46	Good
100	50	98	46	Good
100	50	99	46	Good
100	50	100	46	Good
100	50	50	45	PASS
100	50	51	45	PASS
100	50	52	45	PASS
100	50	53	45	PASS
100	50	54	45	PASS
100	50	55	45	PASS
100	50	56	45	PASS
100	50	57	45	PASS
100	50	58	45	PASS
100	50	59	45	PASS
100	50	60	45	PASS
100	50	61	45	PASS
100	50	62	45	PASS
100	50	63	45	PASS
100	50	64	45	PASS
100	50	65	45	PASS
100	50	66	45	PASS
100	50	67	45	PASS
100	50	68	45	PASS
100	50	69	45	PASS
100	50	70	45	Average
100	50	71	45	Average
100	50	72	45	Average
100	50	73	45	Average
100	50	74	45	Average
100	50	75	45	Average
100	50	76	45	Average
100	50	77	45	Average
100	50	78	45	Average
100	50	79	45	Average
100	50	80	45	Good
100	50	81	45	Good
100	50	82	45	Good
100	50	83	45	Good
100	50	84	45	Good
100	50	85	45	Good
100	50	86	45	Good
100	50	87	45	Good
100	50	88	45	Good
100	50	89	45	Good
100	50	90	45	Good
100	50	91	45	Good
100	50	92	45	Good
100	50	93	45	Good
100	50	94	45	Good
100	50	95	45	Good
100	50	96	45	Good
100	50	97	45	Good
100	50	98	45	Good
100	50	99	45	Good
100	50	100	45	Good
100	50	50	44	PASS
100	50	51	44	PASS
100	50	52	44	PASS
100	50	53	44	PASS
100	50	54	44	PASS
100	50	55	44	PASS
100	50	56	44	PASS
100	50	57	44	PASS
100	50	58	44	PASS
100	50	59	44	PASS
100	50	60	44	PASS
100	50	61	44	PASS
100	50	62	44	PASS
100	50	63	44	PASS
100	50	64	44	PASS
100	50	65	44	PASS
100	50	66	44	PASS
100	50	67	44	PASS
100	50	68	44	PASS
100	50	69	44	PASS
100	50	70	44	Average
100	50	71	44	Average
100	50	72	44	Average
100	50	73	44	Average
100	50	74	44	Average
100	50	75	44	Average
100	50	76	44	Average
100	50	77	44	Average
100	50	78	44	Average
100	50	79	44	Average
100	50	80	44	Good
100	50	81	44	Good
100	50	82	44	Good
100	50	83	44	Good
100	50	84	44	Good
100	50	85	44	Good
100	50	86	44	Good
100	50	87	44	Good
100	50	88	44	Good
100	50	89	44	Good
100	50	90	44	Good
100	50	91	44	Good
100	50	92	44	Good
100	50	93	44	Good
100	50	94	44	Good
100	50	95	44	Good
100	50	96	44	Good
100	50	97	44	Good
100	50	98	44	Good
100	50	99	44	Good
100	50	100	44	Good
100	50	50	43	PASS
100	50	51	43	PASS
100	50	52	43	PASS
100	50	53	43	PASS
100	50	54	43	PASS
100	50	55	43	PASS
100	50	56	43	PASS
100	50	57	43	PASS
100	50	58	43	PASS
100	50	59	43	PASS
100	50	60	43	PASS
100	50	61	43	PASS
100	50	62	43	PASS
100	50	63	43	PASS
100	50	64	43	PASS
100	50	65	43	PASS
100	50	66	43	PASS
100	50	67	43	PASS
100	50	68	43	PASS
100	50	69	43	PASS
100	50	70	43	Average
100	50	71	43	Average
100	50	72	43	Average
100	50	73	43	Average
100	50	74	43	Average
100	50	75	43	Average
100	50	76	43	Average
100	50	77	43	Average
100	50	78	43	Average
100	50	79	43	Average
100	50	80	43	Good
100	50	81	43	Good
100	50	82	43	Good
100	50	83	43	Good
100	50	84	43	Good
100	50	85	43	Good
100	50	86	43	Good
100	50	87	43	Good
100	50	88	43	Good
100	50	89	43	Good
100	50	90	43	Good
100	50	91	43	Good
100	50	92	43	Good
100	50	93	43	Good
100	50	94	43	Good
100	50	95	43	Good
100	50	96	43	Good
100	50	97	43	Good
100	50	98	43	Good
100	50	99	43	Good
100	50	100	43	Good
100	50	50	42	PASS
100	50	51	42	PASS
100	50	52	42	PASS
100	50	53	42	PASS
100	50	54	42	PASS
100	50	55	42	PASS
100	50	56	42	PASS
100	50	57	42	PASS
100	50	58	42	PASS
100	50	59	42	PASS
100	50	60	42	PASS
100	50	61	42	PASS
100	50	62	42	PASS
100	50	63	42	PASS
100	50	64	42	PASS
100	50	65	42	PASS
100	50	66	42	PASS
100	50	67	42	PASS
100	50	68	42	PASS
100	50	69	42	PASS
100	50	70	42	Average
100	50	71	42	Average
100	50	72	42	Average
100	50	73	42	Average
100	50	74	42	Average
100	50	75	42	Average
100	50	76	42	Average
100	50	77	42	Average
100	50	78	42	Average
100	50	79	42	Average
100	50	80	42	Good
100	50	81	42	Good
100	50	82	42	Good
100	50	83	42	Good
100	50	84	42	Good
100	50	85	42	Good
100	50	86	42	Good
100	50	87	42	Good
100	50	88	42	Good
100	50	89	42	Good
100	50	90	42	Good
100	50	91	42	Good
100	50	92	42	Good
100	50	93	42	Good
100	50	94	42	Good
100	50	95	42	Good
100	50	96	42	Good
100	50	97	42	Good
100	50	98	42	Good
100	50	99	42	Good
100	50	100	42	Good
100	50	50	41	PASS
100	50	51	41	PASS
100	50	52	41	PASS
100	50	53	41	PASS
100	50	54	41	PASS
100	50	55	41	PASS
100	50	56	41	PASS
100	50	57	41	PASS
100	50	58	41	PASS
100	50	59	41	PASS
100	50	60	41	PASS
100	50	61	41	PASS
100	50	62	41	PASS
100	50	63	41	PASS
100	50	64	41	PASS
100	50	65	41	PASS
100	50	66	41	PASS
100	50	67	41	PASS
100	50	68	41	PASS
100	50	69	41	PASS
100	50	70	41	Average
100	50	71	41	Average
100	50	72	41	Average
100	50	73	41	Average
100	50	74	41	Average
100	50	75	41	Average
100	50	76	41	Average
100	50	77	41	Average
100	50	78	41	Average
100	50	79	41	Average
100	50	80	41	Good
100	50	81	41	Good
100	50	82	41	Good
100	50	83	41	Good
100	50	84	41	Good
100	50	85	41	Good
100	50	86	41	Good
100	50	87	41	Good
100	50	88	41	Good
100	50	89	41	Good
100	50	90	41	Good
100	50	91	41	Good
100	50	92	41	Good
100	50	93	41	Good
100	50	94	41	Good
100	50	95	41	Good
100	50	96	41	Good
100	50	97	41	Good
100	50	98	41	Good
100	50	99	41	Good
100	50	100	41	Good
100	50	50	40	PASS
100	50	51	40	PASS
100	50	52	40	PASS
100	50	53	40	PASS
100	50	54	40	PASS
100	50	55	40	PASS
100	50	56	40	PASS
100	50	57	40	PASS
100	50	58	40	PASS
100	50	59	40	PASS
100	50	60	40	Average
100	50	61	40	Average
100	50	62	40	Average
100	50	63	40	Average
100	50	64	40	Average
100	50	65	40	Average
100	50	66	40	Average
100	50	67	40	Average
100	50	68	40	Average
100	50	69	40	Average
100	50	70	40	Good
100	50	71	40	Good
100	50	72	40	Good
100	50	73	40	Good
100	50	74	40	Good
100	50	75	40	Good
100	50	76	40	Good
100	50	77	40	Good
100	50	78	40	Good
100	50	79	40	Good
100	50	80	40	Excellent
100	50	81	40	Excellent
100	50	82	40	Excellent
100	50	83	40	Excellent
100	50	84	40	Excellent
100	50	85	40	Excellent
100	50	86	40	Excellent
100	50	87	40	Excellent
100	50	88	40	Excellent
100	50	89	40	Excellent
100	50	90	40	Excellent
100	50	91	40	Excellent
100	50	92	40	Excellent
100	50	93	40	Excellent
100	50	94	40	Excellent
100	50	95	40	Excellent
100	50	96	40	Excellent
100	50	97	40	Excellent
100	50	98	40	Excellent
100	50	99	40	Excellent
100	50	100	40	Excellent
100	50	50	39	PASS
100	50	51	39	PASS
100	50	52	39	PASS
100	50	53	39	PASS
100	50	54	39	PASS
100	50	55	39	PASS
100	50	56	39	PASS
100	50	57	39	PASS
100	50	58	39	PASS
100	50	59	39	PASS
100	50	60	39	Average
100	50	61	39	Average
100	50	62	39	Average
100	50	63	39	Average
100	50	64	39	Average
100	50	65	39	Average
100	50	66	39	Average
100	50	67	39	Average
100	50	68	39	Average
100	50	69	39	Average
100	50	70	39	Good
100	50	71	39	Good
100	50	72	39	Good
100	50	73	39	Good
100	50	74	39	Good
100	50	75	39	Good
100	50	76	39	Good
100	50	77	39	Good
100	50	78	39	Good
100	50	79	39	Good
100	50	80	39	Excellent
100	50	81	39	Excellent
100	50	82	39	Excellent
100	50	83	39	Excellent
100	50	84	39	Excellent
100	50	85	39	Excellent
100	50	86	39	Excellent
100	50	87	39	Excellent
100	50	88	39	Excellent
100	50	89	39	Excellent
100	50	90	39	Excellent
100	50	91	39	Excellent
100	50	92	39	Excellent
100	50	93	39	Excellent
100	50	94	39	Excellent
100	50	95	39	Excellent
100	50	96	39	Excellent
100	50	97	39	Excellent
100	50	98	39	Excellent
100	50	99	39	Excellent
100	50	100	39	Excellent
100	50	50	38	PASS
100	50	51	38	PASS
100	50	52	38	PASS
100	50	53	38	PASS
100	50	54	38	PASS
100	50	55	38	PASS
100	50	56	38	PASS
100	50	57	38	PASS
100	50	58	38	PASS
100	50	59	38	PASS
100	50	60	38	Average
100	50	61	38	Average
100	50	62	38	Average
100	50	63	38	Average
100	50	64	38	Average
100	50	65	38	Average
100	50	66	38	Average
100	50	67	38	Average
100	50	68	38	Average
100	50	69	38	Average
100	50	70	38	Good
100	50	71	38	Good
100	50	72	38	Good
100	50	73	38	Good
100	50	74	38	Good
100	50	75	38	Good
100	50	76	38	Good
100	50	77	38	Good
100	50	78	38	Good
100	50	79	38	Good
100	50	80	38	Excellent
100	50	81	38	Excellent
100	50	82	38	Excellent
100	50	83	38	Excellent
100	50	84	38	Excellent
100	50	85	38	Excellent
100	50	86	38	Excellent
100	50	87	38	Excellent
100	50	88	38	Excellent
100	50	89	38	Excellent
100	50	90	38	Excellent
100	50	91	38	Excellent
100	50	92	38	Excellent
100	50	93	38	Excellent
100	50	94	38	Excellent
100	50	95	38	Excellent
100	50	96	38	Excellent
100	50	97	38	Excellent
100	50	98	38	Excellent
100	50	99	38	Excellent
100	50	100	38	Excellent
100	50	50	37	PASS
100	50	51	37	PASS
100	50	52	37	PASS
100	50	53	37	PASS
100	50	54	37	PASS
100	50	55	37	PASS
100	50	56	37	PASS
100	50	57	37	PASS
100	50	58	37	PASS
100	50	59	37	PASS
100	50	60	37	Average
100	50	61	37	Average
100	50	62	37	Average
100	50	63	37	Average
100	50	64	37	Average
100	50	65	37	Average
100	50	66	37	Average
100	50	67	37	Average
100	50	68	37	Average
100	50	69	37	Average
100	50	70	37	Good
100	50	71	37	Good
100	50	72	37	Good
100	50	73	37	Good
100	50	74	37	Good
100	50	75	37	Good
100	50	76	37	Good
100	50	77	37	Good
100	50	78	37	Good
100	50	79	37	Good
100	50	80	37	Excellent
100	50	81	37	Excellent
100	50	82	37	Excellent
100	50	83	37	Excellent
100	50	84	37	Excellent
100	50	85	37	Excellent
100	50	86	37	Excellent
100	50	87	37	Excellent
100	50	88	37	Excellent
100	50	89	37	Excellent
100	50	90	37	Excellent
100	50	91	37	Excellent
100	50	92	37	Excellent
100	50	93	37	Excellent
100	50	94	37	Excellent
100	50	95	37	Excellent
100	50	96	37	Excellent
100	50	97	37	Excellent
100	50	98	37	Excellent
100	50	99	37	Excellent
100	50	100	37	Excellent
100	50	50	36	PASS
100	50	51	36	PASS
100	50	52	36	PASS
100	50	53	36	PASS
100	50	54	36	PASS
100	50	55	36	PASS
100	50	56	36	PASS
100	50	57	36	PASS
100	50	58	36	PASS
100	50	59	36	PASS
100	50	60	36	Average
100	50	61	36	Average
100	50	62	36	Average
100	50	63	36	Average
100	50	64	36	Average
100	50	65	36	Average
100	50	66	36	Average
100	50	67	36	Average
100	50	68	36	Average
100	50	69	36	Average
100	50	70	36	Good
100	50	71	36	Good
100	50	72	36	Good
100	50	73	36	Good
100	50	74	36	Good
100	50	75	36	Good
100	50	76	36	Good
100	50	77	36	Good
100	50	78	36	Good
100	50	79	36	Good
100	50	80	36	Excellent
100	50	81	36	Excellent
100	50	82	36	Excellent
100	50	83	36	Excellent
100	50	84	36	Excellent
100	50	85	36	Excellent
100	50	86	36	Excellent
100	50	87	36	Excellent
100	50	88	36	Excellent
100	50	89	36	Excellent
100	50	90	36	Excellent
100	50	91	36	Excellent
100	50	92	36	Excellent
100	50	93	36	Excellent
100	50	94	36	Excellent
100	50	95	36	Excellent
100	50	96	36	Excellent
100	50	97	36	Excellent
100	50	98	36	Excellent
100	50	99	36	Excellent
100	50	100	36	Excellent
100	50	50	35	PASS
100	50	51	35	PASS
100	50	52	35	PASS
100	50	53	35	PASS
100	50	54	35	PASS
100	50	55	35	PASS
100	50	56	35	PASS
100	50	57	35	PASS
100	50	58	35	PASS
100	50	59	35	PASS
100	50	60	35	Average
100	50	61	35	Average
100	50	62	35	Average
100	50	63	35	Average
100	50	64	35	Average
100	50	65	35	Average
100	50	66	35	Average
100	50	67	35	Average
100	50	68	35	Average
100	50	69	35	Average
100	50	70	35	Excellent
100	50	71	35	Excellent
100	50	72	35	Excellent
100	50	73	35	Excellent
100	50	74	35	Excellent
100	50	75	35	Excellent
100	50	76	35	Excellent
100	50	77	35	Excellent
100	50	78	35	Excellent
100	50	79	35	Excellent
100	50	80	35	Extra Ordinary
100	50	81	35	Extra Ordinary
100	50	82	35	Extra Ordinary
100	50	83	35	Extra Ordinary
100	50	84	35	Extra Ordinary
100	50	85	35	Extra Ordinary
100	50	86	35	Extra Ordinary
100	50	87	35	Extra Ordinary
100	50	88	35	Extra Ordinary
100	50	89	35	Extra Ordinary
100	50	90	35	Extra Ordinary
100	50	91	35	Extra Ordinary
100	50	92	35	Extra Ordinary
100	50	93	35	Extra Ordinary
100	50	94	35	Extra Ordinary
100	50	95	35	Extra Ordinary
100	50	96	35	Extra Ordinary
100	50	97	35	Extra Ordinary
100	50	98	35	Extra Ordinary
100	50	99	35	Extra Ordinary
100	50	100	35	Extra Ordinary
100	50	50	34	PASS
100	50	51	34	PASS
100	50	52	34	PASS
100	50	53	34	PASS
100	50	54	34	PASS
100	50	55	34	PASS
100	50	56	34	PASS
100	50	57	34	PASS
100	50	58	34	PASS
100	50	59	34	PASS
100	50	60	34	Average
100	50	61	34	Average
100	50	62	34	Average
100	50	63	34	Average
100	50	64	34	Average
100	50	65	34	Average
100	50	66	34	Average
100	50	67	34	Average
100	50	68	34	Average
100	50	69	34	Average
100	50	70	34	Excellent
100	50	71	34	Excellent
100	50	72	34	Excellent
100	50	73	34	Excellent
100	50	74	34	Excellent
100	50	75	34	Excellent
100	50	76	34	Excellent
100	50	77	34	Excellent
100	50	78	34	Excellent
100	50	79	34	Excellent
100	50	80	34	Extra Ordinary
100	50	81	34	Extra Ordinary
100	50	82	34	Extra Ordinary
100	50	83	34	Extra Ordinary
100	50	84	34	Extra Ordinary
100	50	85	34	Extra Ordinary
100	50	86	34	Extra Ordinary
100	50	87	34	Extra Ordinary
100	50	88	34	Extra Ordinary
100	50	89	34	Extra Ordinary
100	50	90	34	Extra Ordinary
100	50	91	34	Extra Ordinary
100	50	92	34	Extra Ordinary
100	50	93	34	Extra Ordinary
100	50	94	34	Extra Ordinary
100	50	95	34	Extra Ordinary
100	50	96	34	Extra Ordinary
100	50	97	34	Extra Ordinary
100	50	98	34	Extra Ordinary
100	50	99	34	Extra Ordinary
100	50	100	34	Extra Ordinary
100	50	50	33	PASS
100	50	51	33	PASS
100	50	52	33	PASS
100	50	53	33	PASS
100	50	54	33	PASS
100	50	55	33	PASS
100	50	56	33	PASS
100	50	57	33	PASS
100	50	58	33	PASS
100	50	59	33	PASS
100	50	60	33	Average
100	50	61	33	Average
100	50	62	33	Average
100	50	63	33	Average
100	50	64	33	Average
100	50	65	33	Average
100	50	66	33	Average
100	50	67	33	Average
100	50	68	33	Average
100	50	69	33	Average
100	50	70	33	Excellent
100	50	71	33	Excellent
100	50	72	33	Excellent
100	50	73	33	Excellent
100	50	74	33	Excellent
100	50	75	33	Excellent
100	50	76	33	Excellent
100	50	77	33	Excellent
100	50	78	33	Excellent
100	50	79	33	Excellent
100	50	80	33	Extra Ordinary
100	50	81	33	Extra Ordinary
100	50	82	33	Extra Ordinary
100	50	83	33	Extra Ordinary
100	50	84	33	Extra Ordinary
100	50	85	33	Extra Ordinary
100	50	86	33	Extra Ordinary
100	50	87	33	Extra Ordinary
100	50	88	33	Extra Ordinary
100	50	89	33	Extra Ordinary
100	50	90	33	Extra Ordinary
100	50	91	33	Extra Ordinary
100	50	92	33	Extra Ordinary
100	50	93	33	Extra Ordinary
100	50	94	33	Extra Ordinary
100	50	95	33	Extra Ordinary
100	50	96	33	Extra Ordinary
100	50	97	33	Extra Ordinary
100	50	98	33	Extra Ordinary
100	50	99	33	Extra Ordinary
100	50	100	33	Extra Ordinary
100	50	50	32	PASS
100	50	51	32	PASS
100	50	52	32	PASS
100	50	53	32	PASS
100	50	54	32	PASS
100	50	55	32	PASS
100	50	56	32	PASS
100	50	57	32	PASS
100	50	58	32	PASS
100	50	59	32	PASS
100	50	60	32	Average
100	50	61	32	Average
100	50	62	32	Average
100	50	63	32	Average
100	50	64	32	Average
100	50	65	32	Average
100	50	66	32	Average
100	50	67	32	Average
100	50	68	32	Average
100	50	69	32	Average
100	50	70	32	Excellent
100	50	71	32	Excellent
100	50	72	32	Excellent
100	50	73	32	Excellent
100	50	74	32	Excellent
100	50	75	32	Excellent
100	50	76	32	Excellent
100	50	77	32	Excellent
100	50	78	32	Excellent
100	50	79	32	Excellent
100	50	80	32	Extra Ordinary
100	50	81	32	Extra Ordinary
100	50	82	32	Extra Ordinary
100	50	83	32	Extra Ordinary
100	50	84	32	Extra Ordinary
100	50	85	32	Extra Ordinary
100	50	86	32	Extra Ordinary
100	50	87	32	Extra Ordinary
100	50	88	32	Extra Ordinary
100	50	89	32	Extra Ordinary
100	50	90	32	Extra Ordinary
100	50	91	32	Extra Ordinary
100	50	92	32	Extra Ordinary
100	50	93	32	Extra Ordinary
100	50	94	32	Extra Ordinary
100	50	95	32	Extra Ordinary
100	50	96	32	Extra Ordinary
100	50	97	32	Extra Ordinary
100	50	98	32	Extra Ordinary
100	50	99	32	Extra Ordinary
100	50	100	32	Extra Ordinary
100	50	50	31	PASS
100	50	51	31	PASS
100	50	52	31	PASS
100	50	53	31	PASS
100	50	54	31	PASS
100	50	55	31	PASS
100	50	56	31	PASS
100	50	57	31	PASS
100	50	58	31	PASS
100	50	59	31	PASS
100	50	60	31	Average
100	50	61	31	Average
100	50	62	31	Average
100	50	63	31	Average
100	50	64	31	Average
100	50	65	31	Average
100	50	66	31	Average
100	50	67	31	Average
100	50	68	31	Average
100	50	69	31	Average
100	50	70	31	Excellent
100	50	71	31	Excellent
100	50	72	31	Excellent
100	50	73	31	Excellent
100	50	74	31	Excellent
100	50	75	31	Excellent
100	50	76	31	Excellent
100	50	77	31	Excellent
100	50	78	31	Excellent
100	50	79	31	Excellent
100	50	80	31	Extra Ordinary
100	50	81	31	Extra Ordinary
100	50	82	31	Extra Ordinary
100	50	83	31	Extra Ordinary
100	50	84	31	Extra Ordinary
100	50	85	31	Extra Ordinary
100	50	86	31	Extra Ordinary
100	50	87	31	Extra Ordinary
100	50	88	31	Extra Ordinary
100	50	89	31	Extra Ordinary
100	50	90	31	Extra Ordinary
100	50	91	31	Extra Ordinary
100	50	92	31	Extra Ordinary
100	50	93	31	Extra Ordinary
100	50	94	31	Extra Ordinary
100	50	95	31	Extra Ordinary
100	50	96	31	Extra Ordinary
100	50	97	31	Extra Ordinary
100	50	98	31	Extra Ordinary
100	50	99	31	Extra Ordinary
100	50	100	31	Extra Ordinary
100	50	50	30	PASS
100	50	51	30	PASS
100	50	52	30	PASS
100	50	53	30	PASS
100	50	54	30	PASS
100	50	55	30	PASS
100	50	56	30	PASS
100	50	57	30	PASS
100	50	58	30	PASS
100	50	59	30	PASS
100	50	60	30	Average
100	50	61	30	Average
100	50	62	30	Average
100	50	63	30	Average
100	50	64	30	Average
100	50	65	30	Average
100	50	66	30	Average
100	50	67	30	Average
100	50	68	30	Average
100	50	69	30	Average
100	50	70	30	Excellent
100	50	71	30	Excellent
100	50	72	30	Excellent
100	50	73	30	Excellent
100	50	74	30	Excellent
100	50	75	30	Excellent
100	50	76	30	Excellent
100	50	77	30	Excellent
100	50	78	30	Excellent
100	50	79	30	Excellent
100	50	80	30	Extra Ordinary
100	50	81	30	Extra Ordinary
100	50	82	30	Extra Ordinary
100	50	83	30	Extra Ordinary
100	50	84	30	Extra Ordinary
100	50	85	30	Extra Ordinary
100	50	86	30	Extra Ordinary
100	50	87	30	Extra Ordinary
100	50	88	30	Extra Ordinary
100	50	89	30	Extra Ordinary
100	50	90	30	Extra Ordinary
100	50	91	30	Extra Ordinary
100	50	92	30	Extra Ordinary
100	50	93	30	Extra Ordinary
100	50	94	30	Extra Ordinary
100	50	95	30	Extra Ordinary
100	50	96	30	Extra Ordinary
100	50	97	30	Extra Ordinary
100	50	98	30	Extra Ordinary
100	50	99	30	Extra Ordinary
100	50	100	30	Extra Ordinary
100	50	50	29	PASS
100	50	51	29	PASS
100	50	52	29	PASS
100	50	53	29	PASS
100	50	54	29	PASS
100	50	55	29	PASS
100	50	56	29	PASS
100	50	57	29	PASS
100	50	58	29	PASS
100	50	59	29	PASS
100	50	60	29	Average
100	50	61	29	Average
100	50	62	29	Average
100	50	63	29	Average
100	50	64	29	Average
100	50	65	29	Average
100	50	66	29	Average
100	50	67	29	Average
100	50	68	29	Average
100	50	69	29	Average
100	50	70	29	Excellent
100	50	71	29	Excellent
100	50	72	29	Excellent
100	50	73	29	Excellent
100	50	74	29	Excellent
100	50	75	29	Excellent
100	50	76	29	Excellent
100	50	77	29	Excellent
100	50	78	29	Excellent
100	50	79	29	Excellent
100	50	80	29	Extra Ordinary
100	50	81	29	Extra Ordinary
100	50	82	29	Extra Ordinary
100	50	83	29	Extra Ordinary
100	50	84	29	Extra Ordinary
100	50	85	29	Extra Ordinary
100	50	86	29	Extra Ordinary
100	50	87	29	Extra Ordinary
100	50	88	29	Extra Ordinary
100	50	89	29	Extra Ordinary
100	50	90	29	Extra Ordinary
100	50	91	29	Extra Ordinary
100	50	92	29	Extra Ordinary
100	50	93	29	Extra Ordinary
100	50	94	29	Extra Ordinary
100	50	95	29	Extra Ordinary
100	50	96	29	Extra Ordinary
100	50	97	29	Extra Ordinary
100	50	98	29	Extra Ordinary
100	50	99	29	Extra Ordinary
100	50	100	29	Extra Ordinary
100	50	50	28	PASS
100	50	51	28	PASS
100	50	52	28	PASS
100	50	53	28	PASS
100	50	54	28	PASS
100	50	55	28	PASS
100	50	56	28	PASS
100	50	57	28	PASS
100	50	58	28	PASS
100	50	59	28	PASS
100	50	60	28	Average
100	50	61	28	Average
100	50	62	28	Average
100	50	63	28	Average
100	50	64	28	Average
100	50	65	28	Average
100	50	66	28	Average
100	50	67	28	Average
100	50	68	28	Average
100	50	69	28	Average
100	50	70	28	Excellent
100	50	71	28	Excellent
100	50	72	28	Excellent
100	50	73	28	Excellent
100	50	74	28	Excellent
100	50	75	28	Excellent
100	50	76	28	Excellent
100	50	77	28	Excellent
100	50	78	28	Excellent
100	50	79	28	Excellent
100	50	80	28	Extra Ordinary
100	50	81	28	Extra Ordinary
100	50	82	28	Extra Ordinary
100	50	83	28	Extra Ordinary
100	50	84	28	Extra Ordinary
100	50	85	28	Extra Ordinary
100	50	86	28	Extra Ordinary
100	50	87	28	Extra Ordinary
100	50	88	28	Extra Ordinary
100	50	89	28	Extra Ordinary
100	50	90	28	Extra Ordinary
100	50	91	28	Extra Ordinary
100	50	92	28	Extra Ordinary
100	50	93	28	Extra Ordinary
100	50	94	28	Extra Ordinary
100	50	95	28	Extra Ordinary
100	50	96	28	Extra Ordinary
100	50	97	28	Extra Ordinary
100	50	98	28	Extra Ordinary
100	50	99	28	Extra Ordinary
100	50	100	28	Extra Ordinary
100	50	50	27	PASS
100	50	51	27	PASS
100	50	52	27	PASS
100	50	53	27	PASS
100	50	54	27	PASS
100	50	55	27	PASS
100	50	56	27	PASS
100	50	57	27	PASS
100	50	58	27	PASS
100	50	59	27	PASS
100	50	60	27	Average
100	50	61	27	Average
100	50	62	27	Average
100	50	63	27	Average
100	50	64	27	Average
100	50	65	27	Average
100	50	66	27	Average
100	50	67	27	Average
100	50	68	27	Average
100	50	69	27	Average
100	50	70	27	Excellent
100	50	71	27	Excellent
100	50	72	27	Excellent
100	50	73	27	Excellent
100	50	74	27	Excellent
100	50	75	27	Excellent
100	50	76	27	Excellent
100	50	77	27	Excellent
100	50	78	27	Excellent
100	50	79	27	Excellent
100	50	80	27	Extra Ordinary
100	50	81	27	Extra Ordinary
100	50	82	27	Extra Ordinary
100	50	83	27	Extra Ordinary
100	50	84	27	Extra Ordinary
100	50	85	27	Extra Ordinary
100	50	86	27	Extra Ordinary
100	50	87	27	Extra Ordinary
100	50	88	27	Extra Ordinary
100	50	89	27	Extra Ordinary
100	50	90	27	Extra Ordinary
100	50	91	27	Extra Ordinary
100	50	92	27	Extra Ordinary
100	50	93	27	Extra Ordinary
100	50	94	27	Extra Ordinary
100	50	95	27	Extra Ordinary
100	50	96	27	Extra Ordinary
100	50	97	27	Extra Ordinary
100	50	98	27	Extra Ordinary
100	50	99	27	Extra Ordinary
100	50	100	27	Extra Ordinary
100	50	50	26	PASS
100	50	51	26	PASS
100	50	52	26	PASS
100	50	53	26	PASS
100	50	54	26	PASS
100	50	55	26	PASS
100	50	56	26	PASS
100	50	57	26	PASS
100	50	58	26	PASS
100	50	59	26	PASS
100	50	60	26	Average
100	50	61	26	Average
100	50	62	26	Average
100	50	63	26	Average
100	50	64	26	Average
100	50	65	26	Average
100	50	66	26	Average
100	50	67	26	Average
100	50	68	26	Average
100	50	69	26	Average
100	50	70	26	Excellent
100	50	71	26	Excellent
100	50	72	26	Excellent
100	50	73	26	Excellent
100	50	74	26	Excellent
100	50	75	26	Excellent
100	50	76	26	Excellent
100	50	77	26	Excellent
100	50	78	26	Excellent
100	50	79	26	Excellent
100	50	80	26	Extra Ordinary
100	50	81	26	Extra Ordinary
100	50	82	26	Extra Ordinary
100	50	83	26	Extra Ordinary
100	50	84	26	Extra Ordinary
100	50	85	26	Extra Ordinary
100	50	86	26	Extra Ordinary
100	50	87	26	Extra Ordinary
100	50	88	26	Extra Ordinary
100	50	89	26	Extra Ordinary
100	50	90	26	Extra Ordinary
100	50	91	26	Extra Ordinary
100	50	92	26	Extra Ordinary
100	50	93	26	Extra Ordinary
100	50	94	26	Extra Ordinary
100	50	95	26	Extra Ordinary
100	50	96	26	Extra Ordinary
100	50	97	26	Extra Ordinary
100	50	98	26	Extra Ordinary
100	50	99	26	Extra Ordinary
100	50	100	26	Extra Ordinary
100	50	50	25	PASS
100	50	51	25	PASS
100	50	52	25	PASS
100	50	53	25	PASS
100	50	54	25	PASS
100	50	55	25	PASS
100	50	56	25	PASS
100	50	57	25	PASS
100	50	58	25	PASS
100	50	59	25	PASS
100	50	60	25	Average
100	50	61	25	Average
100	50	62	25	Average
100	50	63	25	Average
100	50	64	25	Average
100	50	65	25	Average
100	50	66	25	Average
100	50	67	25	Average
100	50	68	25	Average
100	50	69	25	Average
100	50	70	25	Excellent
100	50	71	25	Excellent
100	50	72	25	Excellent
100	50	73	25	Excellent
100	50	74	25	Excellent
100	50	75	25	Excellent
100	50	76	25	Excellent
100	50	77	25	Excellent
100	50	78	25	Excellent
100	50	79	25	Excellent
100	50	80	25	Extra Ordinary
100	50	81	25	Extra Ordinary
100	50	82	25	Extra Ordinary
100	50	83	25	Extra Ordinary
100	50	84	25	Extra Ordinary
100	50	85	25	Extra Ordinary
100	50	86	25	Extra Ordinary
100	50	87	25	Extra Ordinary
100	50	88	25	Extra Ordinary
100	50	89	25	Extra Ordinary
100	50	90	25	Extra Ordinary
100	50	91	25	Extra Ordinary
100	50	92	25	Extra Ordinary
100	50	93	25	Extra Ordinary
100	50	94	25	Extra Ordinary
100	50	95	25	Extra Ordinary
100	50	96	25	Extra Ordinary
100	50	97	25	Extra Ordinary
100	50	98	25	Extra Ordinary
100	50	99	25	Extra Ordinary
100	50	100	25	Extra Ordinary
100	50	50	24	PASS
100	50	51	24	PASS
100	50	52	24	PASS
100	50	53	24	PASS
100	50	54	24	PASS
100	50	55	24	PASS
100	50	56	24	PASS
100	50	57	24	PASS
100	50	58	24	PASS
100	50	59	24	PASS
100	50	60	24	Average
100	50	61	24	Average
100	50	62	24	Average
100	50	63	24	Average
100	50	64	24	Average
100	50	65	24	Average
100	50	66	24	Average
100	50	67	24	Average
100	50	68	24	Average
100	50	69	24	Average
100	50	70	24	Excellent
100	50	71	24	Excellent
100	50	72	24	Excellent
100	50	73	24	Excellent
100	50	74	24	Excellent
100	50	75	24	Excellent
100	50	76	24	Excellent
100	50	77	24	Excellent
100	50	78	24	Excellent
100	50	79	24	Excellent
100	50	80	24	Extra Ordinary
100	50	81	24	Extra Ordinary
100	50	82	24	Extra Ordinary
100	50	83	24	Extra Ordinary
100	50	84	24	Extra Ordinary
100	50	85	24	Extra Ordinary
100	50	86	24	Extra Ordinary
100	50	87	24	Extra Ordinary
100	50	88	24	Extra Ordinary
100	50	89	24	Extra Ordinary
100	50	90	24	Extra Ordinary
100	50	91	24	Extra Ordinary
100	50	92	24	Extra Ordinary
100	50	93	24	Extra Ordinary
100	50	94	24	Extra Ordinary
100	50	95	24	Extra Ordinary
100	50	96	24	Extra Ordinary
100	50	97	24	Extra Ordinary
100	50	98	24	Extra Ordinary
100	50	99	24	Extra Ordinary
100	50	100	24	Extra Ordinary
